order_id,customer_id,order_date,order_time,status,total_amount,delivery_minutes,payment_method,city
ORD0481,C091,2024-06-11,14:11:00,DELIVERED,954.2,18,Cash on Delivery,Chennai
ORD0280,C082,2024-10-02,12:35:00,DELIVERED,382.16,19,Debit Card,Mumbai
ORD0032,C061,2024-05-15,17:39:00,DELIVERED,797.31,29,Wallet,Chennai
ORD0350,C036,2024-08-16,11:02:00,DELIVERED,759.52,26,Cash on Delivery,Pune
ORD0126,C048,2024-05-09,07:22:00,SHIPPED,446.52,,UPI,Hyderabad
ORD0245,C099,2024-11-10,19:49:00,DELIVERED,779.24,36,Cash on Delivery,Chennai
ORD0421,C044,2024-07-28,21:09:00,DELIVERED,873.02,13,Cash on Delivery,Chennai
ORD0464,C023,2024-03-06,10:24:00,DELIVERED,747.08,28,Wallet,Hyderabad
ORD0020,C098,2024-01-27,13:17:00,DELIVERED,1116.82,36,Cash on Delivery,Pune
ORD0015,C084,2024-08-14,15:11:00,CANCELLED,551.27,,Cash on Delivery,Pune
ORD0388,C081,2024-03-16,15:20:00,PENDING,,,UPI,Bangalore
ORD0153,C022,2024-12-03,17:53:00,PENDING,97.37,,UPI,Hyderabad
ORD0437,C026,2024-05-14,13:22:00,DELIVERED,389.65,10,Wallet,Bangalore
ORD0467,C041,2024-12-30,13:12:00,DELIVERED,871.54,30,Credit Card,Chennai
ORD0422,C043,2024-11-19,12:20:00,DELIVERED,55.42,25,Credit Card,Bangalore
ORD0425,C069,2024-04-12,18:00:00,PENDING,920.37,,Wallet,Hyderabad
ORD0043,C096,2024-09-11,16:49:00,SHIPPED,748.12,,Debit Card,Chennai
ORD0272,C095,2024-05-04,12:35:00,DELIVERED,693.83,37,Credit Card,Mumbai
ORD0062,C002,2024-07-02,14:37:00,DELIVERED,250.38,11,Credit Card,Pune
ORD0018,C059,2024-02-15,17:16:00,DELIVERED,1165.71,33,Wallet,Bangalore
ORD0132,C050,2024-06-22,12:31:00,DELIVERED,472.45,41,Debit Card,Pune
ORD0200,C015,2024-02-01,13:36:00,DELIVERED,239.22,41,Cash on Delivery,Hyderabad
ORD0306,C039,2024-03-11,19:49:00,SHIPPED,1055.67,,Credit Card,Chennai
ORD0346,C026,2024-07-24,18:43:00,DELIVERED,791.39,45,Wallet,Bangalore
ORD0457,C047,2024-01-28,14:54:00,DELIVERED,694.17,38,Debit Card,Mumbai
ORD0239,C013,2024-09-27,08:14:00,DELIVERED,,44,Cash on Delivery,Mumbai
ORD0433,C007,2024-12-19,10:26:00,DELIVERED,192.13,24,Cash on Delivery,Pune
ORD0395,C044,2024-06-04,16:17:00,SHIPPED,1036.97,,UPI,Chennai
ORD0214,C077,2024-12-10,17:15:00,DELIVERED,214.75,41,Credit Card,Mumbai
ORD0196,C060,2024-06-06,12:25:00,DELIVERED,1111.57,27,UPI,Chennai
ORD0013,C033,2024-01-14,09:14:00,CANCELLED,1011.35,,Wallet,Hyderabad
ORD0463,C068,2024-01-25,20:53:00,DELIVERED,1113.03,19,Wallet,Pune
ORD0180,C016,2024-10-20,19:57:00,CANCELLED,991.13,,Credit Card,Chennai
ORD0080,C096,2024-09-28,13:24:00,DELIVERED,442.03,31,Debit Card,Chennai
ORD0041,C062,2024-02-24,14:24:00,DELIVERED,711.03,26,UPI,Pune
ORD0374,C034,2024-02-23,09:21:00,DELIVERED,481.78,12,Wallet,Mumbai
ORD0286,C097,2024-01-22,21:34:00,DELIVERED,538.93,23,Debit Card,Hyderabad
ORD0232,C002,2024-04-21,21:23:00,DELIVERED,783.39,38,Cash on Delivery,Pune
ORD0107,C040,2024-04-02,13:21:00,PENDING,609.21,,Credit Card,Bangalore
ORD0420,C068,2024-06-01,20:03:00,PENDING,223.4,,Credit Card,Pune
ORD0275,C074,2024-02-22,12:23:00,DELIVERED,576.18,24,Cash on Delivery,Bangalore
ORD0173,C100,2024-07-13,11:52:00,DELIVERED,86.31,15,Credit Card,Hyderabad
ORD0497,C082,2024-03-14,16:43:00,PENDING,1160.17,,Debit Card,Mumbai
ORD0399,C091,2024-09-16,19:08:00,SHIPPED,652.93,,Wallet,Chennai
ORD0490,C090,2024-08-10,09:47:00,DELIVERED,77.32,29,UPI,Mumbai
ORD0243,C050,2024-12-12,17:24:00,SHIPPED,210.94,,UPI,Pune
ORD0063,C095,2024-08-03,10:47:00,DELIVERED,565.52,31,Wallet,Mumbai
ORD0391,C098,2024-02-21,10:36:00,SHIPPED,953.61,,Wallet,Pune
ORD0349,C064,2024-01-16,19:43:00,DELIVERED,457.03,19,Debit Card,Hyderabad
ORD0054,C013,2024-04-30,11:24:00,DELIVERED,821.06,42,Cash on Delivery,Mumbai
ORD0451,C072,2024-11-09,08:00:00,DELIVERED,230.47,38,Cash on Delivery,Bangalore
,C064,2024-03-12,20:06:00,DELIVERED,275.31,15,Cash on Delivery,Hyderabad
ORD0412,C020,2024-09-21,14:57:00,DELIVERED,1035.91,33,Debit Card,Bangalore
ORD0058,C012,2024-12-05,13:41:00,DELIVERED,1166.76,11,Debit Card,Mumbai
ORD0352,C083,2024-09-26,14:40:00,CANCELLED,675.21,,UPI,Hyderabad
ORD0128,C090,2024-09-02,12:51:00,DELIVERED,873.45,37,UPI,Mumbai
ORD0007,C021,2024-01-02,20:28:00,DELIVERED,590.4,10,Credit Card,Pune
ORD0367,C094,2024-01-01,19:54:00,CANCELLED,1159.96,,UPI,Bangalore
ORD0027,C071,2024-10-05,19:29:00,PENDING,1050.04,,Credit Card,Pune
ORD0270,C045,2024-08-31,10:28:00,DELIVERED,570.31,12,Debit Card,Mumbai
ORD0244,C065,2024-06-26,08:06:00,DELIVERED,1014.48,29,Wallet,Mumbai
ORD0268,C020,2024-06-25,07:30:00,DELIVERED,528.37,13,UPI,Bangalore
ORD0322,C067,2024-05-12,12:23:00,DELIVERED,948.29,25,UPI,Pune
ORD0252,C032,2024-10-19,12:43:00,DELIVERED,209.67,27,Debit Card,Pune
ORD0281,C058,2024-11-13,08:55:00,DELIVERED,61.02,16,Credit Card,Hyderabad
ORD0228,C084,2024-12-16,17:16:00,SHIPPED,611.91,,Cash on Delivery,Pune
ORD0462,C016,2024-08-18,21:42:00,DELIVERED,629.83,39,UPI,Chennai
ORD0293,C032,2024-12-12,19:31:00,DELIVERED,777.26,34,Cash on Delivery,Pune
ORD0070,C052,2024-07-31,10:20:00,DELIVERED,814.87,31,Credit Card,Hyderabad
ORD0045,C081,2024-11-26,08:19:00,SHIPPED,88.37,,Debit Card,Bangalore
ORD0430,C003,2024-04-26,14:46:00,CANCELLED,292.87,,UPI,Pune
ORD0165,C047,2024-10-10,16:04:00,DELIVERED,567.91,43,Debit Card,Mumbai
ORD0091,C040,2024-06-22,14:21:00,SHIPPED,137.84,,UPI,Bangalore
ORD0259,C051,2024-07-05,10:59:00,DELIVERED,731.06,42,Credit Card,Hyderabad
ORD0175,C100,2024-11-09,22:55:00,SHIPPED,886.51,,Credit Card,Hyderabad
ORD0313,C041,2024-03-08,19:55:00,SHIPPED,533.99,,Wallet,Chennai
ORD0389,C012,2024-07-17,19:35:00,DELIVERED,367.63,37,UPI,Mumbai
ORD0289,C079,2024-03-12,13:52:00,DELIVERED,118.26,30,Wallet,Mumbai
ORD0427,C017,2024-02-22,19:32:00,DELIVERED,242.07,10,Debit Card,Chennai
ORD0499,C071,2024-02-13,16:13:00,DELIVERED,1089.08,30,Credit Card,Pune
ORD0327,C061,2024-07-05,19:58:00,DELIVERED,1120.83,10,Wallet,Chennai
ORD0368,C024,2024-11-04,17:58:00,SHIPPED,753.09,,Wallet,Chennai
ORD0234,C003,2024-09-14,20:51:00,PENDING,256.16,,UPI,Pune
ORD0223,C090,2024-11-05,13:25:00,PENDING,684.89,,Debit Card,Mumbai
ORD0398,C098,2024-09-21,18:52:00,DELIVERED,960.21,12,Debit Card,Pune
ORD0360,C070,2024-06-07,12:31:00,DELIVERED,114.59,22,UPI,Pune
ORD0117,C056,2024-02-16,14:52:00,DELIVERED,452.02,9,Cash on Delivery,Bangalore
ORD0147,C053,2024-07-28,09:08:00,CANCELLED,788.69,,Cash on Delivery,Hyderabad
ORD0392,C045,2024-07-29,15:24:00,DELIVERED,707.83,38,UPI,Mumbai
ORD0099,C074,2024-11-29,13:20:00,DELIVERED,626.57,11,Cash on Delivery,Bangalore
ORD0235,C068,2024-03-17,14:12:00,DELIVERED,340.28,30,Debit Card,Pune
ORD0447,C024,2024-11-08,19:49:00,DELIVERED,83.14,16,Cash on Delivery,Chennai
ORD0317,C011,2024-06-07,09:32:00,PENDING,1170.46,,Credit Card,Pune
ORD0030,C064,2024-01-19,11:32:00,CANCELLED,431.79,,UPI,Hyderabad
ORD0307,C009,2024-09-28,07:39:00,DELIVERED,556.11,21,Credit Card,Chennai
ORD0405,C029,2024-11-27,14:43:00,DELIVERED,799.33,40,UPI,Bangalore
ORD0470,C002,2024-09-24,10:01:00,DELIVERED,111.02,11,Credit Card,Pune
ORD0274,C026,2024-08-18,20:24:00,DELIVERED,297.02,25,UPI,Bangalore
ORD0202,C008,2024-08-20,11:32:00,DELIVERED,698.5,43,Cash on Delivery,Chennai
ORD0254,C047,2024-05-08,14:46:00,DELIVERED,732.88,20,Cash on Delivery,Mumbai
ORD0492,C030,2024-05-12,20:24:00,DELIVERED,515.12,28,UPI,Bangalore
ORD0116,C016,2024-05-25,09:48:00,DELIVERED,566.72,40,Credit Card,Chennai
ORD0320,C079,2024-11-07,08:19:00,DELIVERED,806.76,19,UPI,Mumbai
ORD0236,C051,2024-02-10,18:25:00,DELIVERED,329.69,22,Debit Card,Hyderabad
ORD0347,C034,2024-02-08,07:04:00,DELIVERED,792.88,16,UPI,Mumbai
ORD0057,C088,2024-07-07,18:03:00,DELIVERED,268.28,15,Cash on Delivery,Mumbai
ORD0064,C076,2024-02-25,21:32:00,DELIVERED,757.37,41,Debit Card,Mumbai
ORD0458,C092,2024-08-19,10:06:00,SHIPPED,305.01,,Debit Card,Chennai
ORD0130,C051,2024-10-05,22:16:00,DELIVERED,793.94,26,Debit Card,Hyderabad
ORD0411,C082,2024-06-15,15:16:00,DELIVERED,1145.02,27,Credit Card,Mumbai
ORD0221,C025,2024-10-27,13:30:00,DELIVERED,1093.09,27,UPI,Bangalore
ORD0008,C037,2024-12-27,16:44:00,PENDING,131.86,,Credit Card,Hyderabad
ORD0256,C049,2024-06-17,21:21:00,DELIVERED,997.07,16,Debit Card,Chennai
ORD0378,C074,2024-10-08,22:09:00,DELIVERED,54.39,13,Debit Card,Bangalore
ORD0037,C023,2024-02-10,19:39:00,DELIVERED,622.32,45,Credit Card,Hyderabad
ORD0171,C043,2024-12-10,10:26:00,DELIVERED,966.27,9,Wallet,Bangalore
ORD0084,C086,2024-06-06,08:14:00,DELIVERED,739.22,8,Credit Card,Chennai
ORD0152,C081,2024-06-04,09:32:00,DELIVERED,730.58,45,Credit Card,Bangalore
ORD0487,C058,2024-09-06,08:18:00,PENDING,271.39,,Wallet,Hyderabad
ORD0364,C044,2024-06-03,17:08:00,CANCELLED,892.2,,Cash on Delivery,Chennai
ORD0050,C002,2024-05-15,10:29:00,DELIVERED,911.36,24,Wallet,Pune
ORD0178,C079,2024-09-04,13:15:00,DELIVERED,393.27,27,Debit Card,Mumbai
ORD0005,C076,2024-08-07,16:36:00,DELIVERED,751.08,14,Credit Card,Mumbai
ORD0078,C004,2024-04-02,15:44:00,SHIPPED,1109.77,,Debit Card,Bangalore
ORD0011,C037,2024-08-12,10:29:00,DELIVERED,854.69,25,Wallet,Hyderabad
ORD0048,C062,2024-05-31,17:51:00,DELIVERED,1157.33,17,Credit Card,Pune
ORD0288,C100,2024-05-01,13:51:00,DELIVERED,842.5,35,Credit Card,Hyderabad
ORD0261,C089,2024-02-05,20:43:00,DELIVERED,778.34,23,Debit Card,Mumbai
ORD0017,C053,2024-12-21,22:18:00,DELIVERED,510.52,43,UPI,Hyderabad
ORD0296,C082,2024-12-06,18:54:00,DELIVERED,664.59,21,Cash on Delivery,Mumbai
ORD0112,C037,2024-08-17,14:34:00,DELIVERED,1160.44,38,Credit Card,Hyderabad
ORD0494,C006,2024-12-24,09:22:00,PENDING,172.06,,Debit Card,Mumbai
ORD0038,C030,2024-08-24,15:29:00,DELIVERED,60.81,37,Debit Card,Bangalore
ORD0357,C074,2024-07-17,18:59:00,SHIPPED,1022.0,,Credit Card,Bangalore
ORD0359,C091,2024-12-24,18:36:00,DELIVERED,697.58,20,Cash on Delivery,Chennai
ORD0482,C070,2024-10-01,19:05:00,DELIVERED,1065.91,29,Debit Card,Pune
ORD0255,C014,2024-03-10,16:00:00,PENDING,432.05,,Wallet,Pune
ORD0014,C076,2024-01-11,15:36:00,DELIVERED,919.71,38,Wallet,Mumbai
ORD0465,C050,2024-08-02,14:17:00,DELIVERED,444.29,26,Cash on Delivery,Pune
ORD0103,C072,2024-12-13,19:18:00,DELIVERED,1029.3,17,Debit Card,Bangalore
ORD0131,C100,2024-01-25,17:17:00,DELIVERED,473.22,33,Cash on Delivery,Hyderabad
ORD0055,C076,2024-03-20,20:41:00,DELIVERED,612.75,34,Debit Card,Mumbai
ORD0273,C052,2024-11-18,12:11:00,DELIVERED,546.95,9,Wallet,Hyderabad
ORD0436,C093,2024-11-12,10:18:00,DELIVERED,172.2,20,Wallet,Mumbai
ORD0332,C032,2024-08-25,18:37:00,CANCELLED,1197.46,,Credit Card,Pune
ORD0219,C053,2024-08-01,11:24:00,DELIVERED,283.84,13,Cash on Delivery,Hyderabad
ORD0390,C090,2024-11-15,20:07:00,DELIVERED,220.43,45,Wallet,Mumbai
ORD0284,C029,2024-10-02,16:10:00,SHIPPED,,,Cash on Delivery,Bangalore
ORD0164,C034,2024-07-06,19:23:00,DELIVERED,108.83,43,Credit Card,Mumbai
ORD0089,C015,2024-07-26,07:20:00,DELIVERED,1139.76,37,Debit Card,Hyderabad
ORD0189,C005,2024-01-05,16:36:00,DELIVERED,1117.72,29,Debit Card,Bangalore
ORD0472,C097,2024-10-04,08:22:00,SHIPPED,167.85,,Wallet,Hyderabad
ORD0172,C061,2024-05-15,14:46:00,DELIVERED,602.52,41,Wallet,Chennai
ORD0159,C035,2024-08-18,14:09:00,DELIVERED,383.74,32,Wallet,Bangalore
ORD0160,C054,2024-05-07,12:52:00,DELIVERED,714.34,28,Credit Card,Mumbai
ORD0477,C038,2024-08-17,12:43:00,DELIVERED,1156.85,40,UPI,Bangalore
ORD0435,C085,2024-09-23,15:39:00,DELIVERED,207.74,14,Wallet,Hyderabad
ORD0253,C064,2024-03-15,09:10:00,DELIVERED,534.27,38,UPI,Hyderabad
ORD0217,C041,2024-12-22,20:26:00,DELIVERED,482.93,42,Cash on Delivery,Chennai
,C088,2024-06-12,18:45:00,DELIVERED,673.5,27,Credit Card,Mumbai
ORD0455,C014,2024-07-25,20:02:00,DELIVERED,50.2,13,Wallet,Pune
ORD0361,C068,2024-09-01,07:21:00,PENDING,281.68,,Credit Card,Pune
ORD0191,C035,2024-04-08,10:21:00,DELIVERED,577.75,24,Credit Card,Bangalore
ORD0498,C002,2024-10-10,11:07:00,DELIVERED,708.63,33,Wallet,Pune
ORD0071,C088,2024-08-30,09:05:00,SHIPPED,157.21,,UPI,Mumbai
ORD0443,C018,2024-12-05,12:21:00,DELIVERED,553.37,25,UPI,Hyderabad
ORD0271,C006,2024-12-29,10:01:00,SHIPPED,795.17,,Credit Card,Mumbai
ORD0145,C031,2024-09-09,07:23:00,DELIVERED,474.25,43,Credit Card,Mumbai
ORD0205,C061,2024-01-17,16:26:00,DELIVERED,205.74,34,Debit Card,Chennai
ORD0138,C050,2024-10-17,08:38:00,DELIVERED,567.41,31,Debit Card,Pune
ORD0067,C042,2024-11-07,11:04:00,DELIVERED,767.97,45,Wallet,Mumbai
ORD0065,C059,2024-11-25,07:03:00,CANCELLED,1024.39,,Cash on Delivery,Bangalore
ORD0150,C067,2024-03-19,16:10:00,DELIVERED,1124.95,22,Debit Card,Pune
ORD0380,C061,2024-02-29,16:50:00,DELIVERED,612.46,24,UPI,Chennai
ORD0466,C018,2024-03-11,20:38:00,DELIVERED,910.69,27,Wallet,Hyderabad
ORD0485,C088,2024-06-13,19:58:00,SHIPPED,180.38,,Debit Card,Mumbai
ORD0028,C074,2024-07-15,14:54:00,SHIPPED,100.19,,Cash on Delivery,Bangalore
ORD0285,C071,2024-09-18,10:36:00,DELIVERED,941.38,31,Wallet,Pune
ORD0209,C069,2024-07-13,14:15:00,DELIVERED,228.39,20,UPI,Hyderabad
ORD0312,C050,2024-02-27,14:31:00,DELIVERED,131.66,8,Debit Card,Pune
ORD0328,C092,2024-12-01,20:14:00,DELIVERED,528.7,28,Debit Card,Chennai
ORD0384,C030,2024-10-10,08:53:00,DELIVERED,650.97,42,Cash on Delivery,Bangalore
ORD0168,C005,2024-03-11,17:51:00,DELIVERED,575.54,40,Credit Card,Bangalore
ORD0097,C065,2024-02-07,16:29:00,DELIVERED,115.42,26,UPI,Mumbai
ORD0210,C005,2024-12-04,20:39:00,SHIPPED,1066.32,,UPI,Bangalore
ORD0339,C041,2024-07-20,17:20:00,DELIVERED,318.65,20,Credit Card,Chennai
ORD0408,C055,2024-07-11,18:29:00,DELIVERED,586.7,41,Wallet,Pune
ORD0227,C020,2024-04-10,17:14:00,DELIVERED,1008.37,39,Wallet,Bangalore
ORD0207,C084,2024-06-27,10:11:00,CANCELLED,502.02,,Credit Card,Pune
ORD0192,C002,2024-06-21,16:36:00,DELIVERED,272.14,33,Cash on Delivery,Pune
ORD0182,C028,2024-04-13,15:59:00,DELIVERED,362.36,14,Wallet,Hyderabad
ORD0002,C015,2024-02-03,19:31:00,DELIVERED,773.86,11,Credit Card,Hyderabad
ORD0049,C087,2024-12-11,19:54:00,SHIPPED,470.64,,Cash on Delivery,Mumbai
ORD0216,C072,2024-09-10,08:22:00,PENDING,822.04,,Wallet,Bangalore
ORD0105,C077,2024-12-28,09:19:00,DELIVERED,790.02,29,Credit Card,Mumbai
ORD0140,C015,2024-01-14,12:31:00,DELIVERED,1100.57,15,Debit Card,Hyderabad
ORD0480,C077,2024-01-27,16:31:00,SHIPPED,682.68,,UPI,Mumbai
ORD0073,C086,2024-03-03,20:22:00,PENDING,1132.3,,Cash on Delivery,Chennai
ORD0363,C068,2024-07-05,09:23:00,DELIVERED,811.46,45,UPI,Pune
ORD0060,C028,2024-04-29,17:49:00,DELIVERED,1085.61,8,Debit Card,Hyderabad
ORD0323,C099,2024-01-16,17:51:00,DELIVERED,652.43,24,Wallet,Chennai
ORD0386,C074,2024-09-21,11:07:00,PENDING,566.4,,Credit Card,Bangalore
ORD0295,C063,2024-06-16,07:55:00,SHIPPED,892.63,,Cash on Delivery,Hyderabad
ORD0451,C072,2024-11-09,08:00:00,DELIVERED,230.47,38,Cash on Delivery,Bangalore
ORD0385,C074,2024-04-30,22:19:00,DELIVERED,1088.19,10,Wallet,Bangalore
ORD0026,C037,2024-06-01,22:55:00,DELIVERED,669.37,30,Debit Card,Hyderabad
ORD0148,C060,2024-12-14,18:08:00,PENDING,947.3,,Wallet,Chennai
ORD0222,C028,2024-04-07,10:47:00,CANCELLED,600.76,,Credit Card,Hyderabad
ORD0195,C039,2024-10-25,07:16:00,DELIVERED,846.68,11,UPI,Chennai
ORD0459,C046,2024-11-20,16:35:00,DELIVERED,857.41,10,Credit Card,Chennai
ORD0218,C031,2024-04-25,16:54:00,DELIVERED,976.64,11,Wallet,Mumbai
ORD0151,C067,2024-05-25,09:16:00,DELIVERED,1149.8,25,Credit Card,Pune
ORD0362,C044,2024-03-31,17:03:00,DELIVERED,724.6,17,UPI,Chennai
ORD0098,C083,2024-02-16,19:29:00,DELIVERED,1147.37,10,Cash on Delivery,Hyderabad
ORD0197,C082,2024-05-31,18:39:00,DELIVERED,1150.96,38,Credit Card,Mumbai
ORD0203,C087,2024-06-06,07:25:00,DELIVERED,53.47,21,Wallet,Mumbai
ORD0240,C035,2024-01-24,09:43:00,PENDING,1084.21,,Wallet,Bangalore
ORD0206,C049,2024-08-17,19:24:00,DELIVERED,1158.77,42,Credit Card,Chennai
ORD0305,C010,2024-04-27,19:05:00,DELIVERED,167.79,28,Debit Card,Hyderabad
ORD0110,C049,2024-03-19,12:11:00,SHIPPED,936.76,,Credit Card,Chennai
ORD0269,C094,2024-03-13,18:19:00,DELIVERED,951.91,41,Cash on Delivery,Bangalore
ORD0179,C091,2024-04-16,22:20:00,DELIVERED,694.56,25,Debit Card,Chennai
ORD0418,C043,2024-07-09,15:37:00,DELIVERED,1028.9,38,UPI,Bangalore
ORD0456,C080,2024-11-22,16:56:00,DELIVERED,287.88,37,Debit Card,Pune
ORD0095,C088,2024-10-16,17:55:00,CANCELLED,413.56,,Cash on Delivery,Mumbai
ORD0375,C012,2024-06-22,22:45:00,DELIVERED,1133.81,18,Wallet,Mumbai
ORD0410,C083,2024-10-31,16:19:00,DELIVERED,604.0,29,Debit Card,Hyderabad
ORD0345,C060,2024-02-22,11:07:00,DELIVERED,1004.93,22,Credit Card,Chennai
ORD0167,C072,2024-07-06,11:12:00,DELIVERED,511.6,10,UPI,Bangalore
ORD0174,C003,2024-08-13,17:26:00,DELIVERED,844.08,34,Wallet,Pune
ORD0358,C031,2024-10-30,17:51:00,DELIVERED,462.6,45,UPI,Mumbai
ORD0278,C087,2024-03-09,17:07:00,DELIVERED,184.49,31,Credit Card,Mumbai
ORD0001,C037,2024-08-28,22:28:00,DELIVERED,1160.32,24,Cash on Delivery,Hyderabad
ORD0212,C095,2024-01-23,19:28:00,DELIVERED,299.86,11,Credit Card,Mumbai
ORD0139,C057,2024-02-09,11:33:00,DELIVERED,411.54,25,Credit Card,Mumbai
ORD0155,C081,2024-10-06,16:41:00,CANCELLED,605.39,,Cash on Delivery,Bangalore
ORD0251,C077,2024-06-15,19:00:00,DELIVERED,495.97,13,Wallet,Mumbai
ORD0034,C030,2024-02-16,20:06:00,SHIPPED,859.47,,UPI,Bangalore
ORD0478,C049,2024-01-21,20:17:00,DELIVERED,199.58,45,Debit Card,Chennai
ORD0124,C055,2024-01-01,18:15:00,DELIVERED,265.41,13,Wallet,Pune
ORD0355,C008,2024-08-29,18:49:00,DELIVERED,317.68,18,UPI,Chennai
ORD0031,C057,2024-02-21,21:00:00,DELIVERED,521.48,17,UPI,Mumbai
ORD0353,C049,2024-12-31,18:30:00,DELIVERED,607.38,44,Wallet,Chennai
ORD0334,C045,2024-11-21,07:21:00,DELIVERED,805.9,27,UPI,Mumbai
ORD0137,C004,2024-03-14,21:02:00,DELIVERED,321.39,31,Debit Card,Bangalore
ORD0402,C065,2024-07-22,10:43:00,DELIVERED,478.34,36,Credit Card,Mumbai
ORD0225,C013,2024-08-28,17:58:00,DELIVERED,409.86,10,Wallet,Mumbai
ORD0282,C050,2024-10-14,22:26:00,DELIVERED,527.98,36,Cash on Delivery,Pune
ORD0154,C011,2024-01-24,15:41:00,DELIVERED,707.96,9,Cash on Delivery,Pune
ORD0158,C052,2024-03-07,18:32:00,DELIVERED,416.98,37,UPI,Hyderabad
ORD0479,C001,2024-06-18,21:45:00,PENDING,95.93,,Debit Card,Bangalore
ORD0122,C007,2024-05-02,20:40:00,SHIPPED,575.68,,UPI,Pune
ORD0046,C094,2024-03-08,09:58:00,DELIVERED,909.6,19,Credit Card,Bangalore
ORD0025,C036,2024-07-31,17:59:00,SHIPPED,357.25,,UPI,Pune
ORD0156,C039,2024-08-20,09:44:00,DELIVERED,555.55,38,Cash on Delivery,Chennai
ORD0314,C088,2024-03-29,22:49:00,DELIVERED,725.47,8,Debit Card,Mumbai
ORD0215,C053,2024-06-02,15:03:00,DELIVERED,730.42,19,Cash on Delivery,Hyderabad
ORD0104,C011,2024-10-25,11:58:00,DELIVERED,1162.85,33,Credit Card,Pune
ORD0009,C034,2024-11-16,13:27:00,DELIVERED,308.53,17,Debit Card,Mumbai
ORD0440,C093,2024-02-21,15:41:00,DELIVERED,1186.97,26,Debit Card,Mumbai
ORD0068,C092,2024-06-15,19:38:00,DELIVERED,571.77,35,UPI,Chennai
ORD0198,C059,2024-11-06,18:26:00,DELIVERED,1099.72,42,Credit Card,Bangalore
ORD0387,C028,2024-04-08,11:02:00,DELIVERED,1186.52,35,Credit Card,Hyderabad
ORD0308,C053,2024-11-11,21:55:00,DELIVERED,1081.08,16,UPI,Hyderabad
ORD0484,C015,2024-12-08,18:28:00,DELIVERED,788.6,23,UPI,Hyderabad
ORD0474,C049,2024-07-17,20:50:00,CANCELLED,409.55,,Wallet,Chennai
ORD0176,C067,2024-04-16,17:42:00,DELIVERED,483.35,19,Cash on Delivery,Pune
ORD0287,C005,2024-08-18,15:22:00,PENDING,150.03,,UPI,Bangalore
ORD0366,C086,2024-10-28,12:24:00,DELIVERED,841.77,16,Credit Card,Chennai
ORD0393,C023,2024-05-21,19:09:00,DELIVERED,832.93,33,UPI,Hyderabad
ORD0094,C099,2024-11-17,22:29:00,SHIPPED,923.86,,Cash on Delivery,Chennai
ORD0074,C093,2024-01-27,16:38:00,DELIVERED,169.14,40,Credit Card,Mumbai
ORD0299,C013,2024-11-16,21:01:00,DELIVERED,1036.3,36,Cash on Delivery,Mumbai
ORD0370,C082,2024-02-15,17:28:00,DELIVERED,291.14,12,Debit Card,Mumbai
ORD0088,C059,2024-02-09,17:36:00,DELIVERED,515.09,34,Debit Card,Bangalore
ORD0304,C002,2024-12-22,17:52:00,DELIVERED,1039.39,16,Cash on Delivery,Pune
ORD0407,C002,2024-04-24,15:38:00,SHIPPED,401.28,,Debit Card,Pune
ORD0230,C083,2024-01-31,08:53:00,SHIPPED,1136.97,,UPI,Hyderabad
ORD0111,C093,2024-08-12,08:26:00,DELIVERED,877.52,36,Wallet,Mumbai
ORD0044,C029,2024-11-21,13:39:00,DELIVERED,918.91,16,UPI,Bangalore
ORD0486,C070,2024-05-24,07:58:00,DELIVERED,936.07,40,Wallet,Pune
ORD0423,C098,2024-03-27,12:31:00,SHIPPED,946.72,,Credit Card,Pune
ORD0330,C067,2024-01-24,19:04:00,PENDING,1045.94,,Debit Card,Pune
ORD0438,C064,2024-04-16,22:21:00,DELIVERED,64.66,13,UPI,Hyderabad
ORD0093,C031,2024-02-22,11:16:00,DELIVERED,742.76,12,Credit Card,Mumbai
ORD0133,C011,2024-08-05,09:27:00,DELIVERED,995.69,42,Debit Card,Pune
ORD0086,C096,2024-08-08,12:08:00,DELIVERED,859.22,40,Wallet,Chennai
ORD0029,C091,2024-07-14,19:42:00,SHIPPED,799.82,,Credit Card,Chennai
ORD0076,C048,2024-02-28,15:36:00,DELIVERED,543.48,43,Wallet,Hyderabad
ORD0354,C042,2024-07-17,15:11:00,DELIVERED,736.68,9,Debit Card,Mumbai
ORD0263,C052,2024-09-30,20:34:00,DELIVERED,1163.69,42,Wallet,Hyderabad
ORD0400,C004,2024-03-29,13:56:00,SHIPPED,1012.52,,Credit Card,Bangalore
ORD0473,C029,2024-11-27,19:15:00,DELIVERED,966.36,26,UPI,Bangalore
ORD0294,C058,2024-02-08,09:25:00,DELIVERED,369.96,31,Cash on Delivery,Hyderabad
ORD0491,C012,2024-02-07,08:11:00,SHIPPED,691.8,,Wallet,Mumbai
ORD0023,C064,2024-05-29,15:26:00,SHIPPED,1177.28,,Credit Card,Hyderabad
ORD0125,C047,2024-02-04,07:24:00,PENDING,100.06,,Cash on Delivery,Mumbai
ORD0012,C070,2024-09-09,21:05:00,DELIVERED,1072.84,28,Wallet,Pune
ORD0211,C031,2024-04-15,09:06:00,DELIVERED,563.41,11,Credit Card,Mumbai
ORD0083,C015,2024-06-25,20:07:00,DELIVERED,830.26,39,Wallet,Hyderabad
ORD0108,C018,2024-03-20,09:18:00,SHIPPED,166.31,,Wallet,Hyderabad
ORD0468,C091,2024-11-28,12:32:00,DELIVERED,782.41,15,Debit Card,Chennai
ORD0448,C063,2024-02-27,20:28:00,DELIVERED,350.85,28,UPI,Hyderabad
ORD0326,C095,2024-09-17,07:02:00,PENDING,64.13,,UPI,Mumbai
ORD0059,C032,2024-03-05,13:04:00,SHIPPED,687.34,,Wallet,Pune
ORD0449,C091,2024-12-13,14:42:00,PENDING,646.96,,Wallet,Chennai
ORD0213,C065,2024-05-28,14:52:00,PENDING,712.53,,Wallet,Mumbai
ORD0319,C090,2024-08-11,14:03:00,DELIVERED,1113.32,15,Cash on Delivery,Mumbai
ORD0061,C019,2024-03-07,15:51:00,DELIVERED,810.22,9,Credit Card,Hyderabad
ORD0309,C076,2024-07-15,18:27:00,DELIVERED,210.8,25,UPI,Mumbai
ORD0186,C084,2024-04-12,16:20:00,DELIVERED,118.04,13,Wallet,Pune
ORD0081,C093,2024-06-15,09:56:00,DELIVERED,231.02,11,UPI,Mumbai
ORD0096,C009,2024-08-28,21:40:00,DELIVERED,365.87,11,Debit Card,Chennai
ORD0404,C004,2024-07-16,08:10:00,PENDING,946.8,,Credit Card,Bangalore
ORD0413,C088,2024-03-12,07:41:00,DELIVERED,389.95,34,Cash on Delivery,Mumbai
ORD0434,C090,2024-03-19,13:44:00,DELIVERED,60.7,34,UPI,Mumbai
ORD0382,C006,2024-05-14,21:29:00,delivered,1012.64,44,UPI,Mumbai
ORD0489,C086,2024-11-18,13:55:00,DELIVERED,1011.01,21,Wallet,Chennai
ORD0118,C007,2024-07-21,18:15:00,DELIVERED,143.85,22,UPI,Pune
ORD0383,C020,2024-12-22,10:05:00,DELIVERED,979.41,34,Wallet,Bangalore
ORD0226,C029,2024-03-15,07:16:00,DELIVERED,721.64,34,Debit Card,Bangalore
ORD0381,C083,2024-10-05,19:11:00,DELIVERED,488.66,19,Cash on Delivery,Hyderabad
ORD0415,C086,2024-07-02,16:54:00,DELIVERED,806.26,43,Credit Card,Chennai
ORD0004,C078,2024-11-01,14:49:00,DELIVERED,568.09,36,Debit Card,Mumbai
ORD0310,C032,2024-10-10,16:49:00,PENDING,80.85,,Debit Card,Pune
ORD0247,C099,2024-11-12,16:51:00,DELIVERED,134.53,25,Credit Card,Chennai
ORD0369,C014,2024-09-11,11:21:00,DELIVERED,323.7,28,Credit Card,Pune
ORD0177,C069,2024-06-24,18:43:00,SHIPPED,879.06,,Debit Card,Hyderabad
ORD0181,C038,2024-01-22,16:45:00,DELIVERED,1112.61,24,Cash on Delivery,Bangalore
ORD0416,C038,2024-02-19,22:08:00,DELIVERED,883.96,43,Credit Card,Bangalore
ORD0337,C059,2024-02-13,10:32:00,DELIVERED,992.96,12,Wallet,Bangalore
ORD0401,C005,2024-08-21,08:58:00,DELIVERED,278.98,31,Cash on Delivery,Bangalore
ORD0342,C012,2024-03-21,16:52:00,DELIVERED,743.8,21,Debit Card,Mumbai
ORD0500,C053,2024-11-26,11:10:00,DELIVERED,759.42,24,Credit Card,Hyderabad
ORD0265,C006,2024-10-15,19:48:00,DELIVERED,965.67,14,UPI,Mumbai
ORD0426,C025,2024-01-10,07:40:00,DELIVERED,310.21,30,Debit Card,Bangalore
,C016,2024-10-01,18:49:00,DELIVERED,404.55,24,UPI,Chennai
ORD0301,C021,2024-05-20,09:41:00,DELIVERED,144.78,18,UPI,Pune
ORD0483,C047,2024-05-30,13:48:00,DELIVERED,,43,UPI,Mumbai
ORD0194,C042,2024-05-07,07:16:00,DELIVERED,563.75,25,Debit Card,Mumbai
ORD0406,C100,2024-12-15,07:30:00,PENDING,794.48,,Wallet,Hyderabad
ORD0193,C066,2024-06-16,09:25:00,DELIVERED,262.5,16,Cash on Delivery,Bangalore
ORD0439,C074,2024-12-08,22:09:00,PENDING,946.46,,UPI,Bangalore
ORD0292,C036,2024-12-01,11:44:00,PENDING,337.13,,Debit Card,Pune
ORD0409,C051,2024-10-26,10:00:00,DELIVERED,811.71,31,Wallet,Hyderabad
ORD0419,C082,2024-10-25,09:30:00,PENDING,625.55,,Cash on Delivery,Mumbai
ORD0429,C063,2024-07-02,13:10:00,PENDING,1105.94,,Cash on Delivery,Hyderabad
ORD0141,C100,2024-05-13,21:13:00,CANCELLED,378.41,,Cash on Delivery,Hyderabad
ORD0325,C048,2024-03-21,15:49:00,DELIVERED,710.0,15,Credit Card,Hyderabad
ORD0267,C058,2024-07-10,19:29:00,SHIPPED,726.88,,Wallet,Hyderabad
ORD0053,C084,2024-07-28,10:08:00,DELIVERED,92.79,39,UPI,Pune
ORD0166,C080,2024-12-14,10:08:00,CANCELLED,502.99,,Debit Card,Pune
ORD0333,C094,2024-10-06,14:09:00,DELIVERED,521.54,22,Wallet,Bangalore
ORD0371,C033,2024-02-25,07:03:00,DELIVERED,892.47,18,Cash on Delivery,Hyderabad
ORD0024,C059,2024-10-09,11:24:00,DELIVERED,739.28,16,UPI,Bangalore
ORD0233,C003,2024-01-04,20:00:00,DELIVERED,880.52,42,Debit Card,Pune
ORD0241,C085,2024-01-17,12:59:00,PENDING,68.01,,Credit Card,Hyderabad
ORD0199,C098,2024-05-06,09:33:00,DELIVERED,859.33,12,Wallet,Pune
ORD0453,C029,2024-10-08,19:25:00,SHIPPED,140.66,,Cash on Delivery,Bangalore
ORD0266,C013,2024-05-12,14:32:00,DELIVERED,691.69,44,Credit Card,Mumbai
ORD0106,C086,2024-12-25,09:41:00,DELIVERED,634.76,9,Debit Card,Chennai
ORD0343,C019,2024-02-16,14:22:00,DELIVERED,106.29,27,Debit Card,Hyderabad
ORD0022,C012,2024-04-25,10:29:00,PENDING,794.87,,Credit Card,Mumbai
ORD0120,C098,2024-12-27,22:28:00,DELIVERED,1091.74,9,Debit Card,Pune
ORD0190,C059,2024-11-24,22:56:00,PENDING,1028.72,,Cash on Delivery,Bangalore
ORD0136,C056,2024-05-20,08:04:00,DELIVERED,517.14,40,Credit Card,Bangalore
ORD0033,C049,2024-06-11,22:55:00,DELIVERED,760.08,23,Debit Card,Chennai
ORD0119,C041,2024-02-20,17:50:00,DELIVERED,94.05,38,Credit Card,Chennai
ORD0442,C087,2024-06-09,20:47:00,DELIVERED,1028.93,10,UPI,Mumbai
ORD0113,C048,2024-12-13,21:29:00,SHIPPED,944.84,,Wallet,Hyderabad
ORD0021,C016,2024-01-15,14:45:00,DELIVERED,683.46,43,Cash on Delivery,Chennai
ORD0445,C089,2024-09-01,20:41:00,PENDING,241.8,,Credit Card,Mumbai
ORD0248,C049,2024-12-30,11:47:00,DELIVERED,464.81,13,UPI,Chennai
ORD0075,C020,2024-12-02,22:14:00,SHIPPED,452.63,,Wallet,Bangalore
ORD0476,C082,2024-12-26,18:48:00,DELIVERED,899.22,20,Credit Card,Mumbai
ORD0377,C093,2024-10-03,15:42:00,DELIVERED,323.18,11,Cash on Delivery,Mumbai
ORD0471,C035,2024-03-23,16:43:00,DELIVERED,1015.29,26,Credit Card,Bangalore
ORD0092,C068,2024-09-18,13:57:00,SHIPPED,453.76,,Credit Card,Pune
ORD0082,C035,2024-08-14,20:31:00,DELIVERED,526.31,21,Wallet,Bangalore
ORD0446,C090,2024-01-31,12:06:00,DELIVERED,729.36,44,Cash on Delivery,Mumbai
ORD0432,C082,2024-05-10,08:38:00,CANCELLED,811.27,,UPI,Mumbai
ORD0264,C082,2024-02-13,10:49:00,DELIVERED,814.4,18,Wallet,Mumbai
ORD0085,C039,2024-04-18,11:48:00,DELIVERED,427.34,8,Cash on Delivery,Chennai
ORD0351,C053,2024-10-08,22:03:00,DELIVERED,490.47,34,Credit Card,Hyderabad
ORD0315,C028,2024-01-21,08:50:00,DELIVERED,379.46,40,Cash on Delivery,Hyderabad
ORD0123,C064,2024-11-01,07:40:00,DELIVERED,328.23,17,Debit Card,Hyderabad
ORD0340,C100,2024-10-26,10:09:00,DELIVERED,567.0,28,Cash on Delivery,Hyderabad
ORD0006,C081,2024-04-18,15:42:00,DELIVERED,325.84,43,UPI,Bangalore
ORD0258,C095,2024-12-21,22:36:00,SHIPPED,424.77,,Debit Card,Mumbai
ORD0469,C072,2024-09-02,20:43:00,DELIVERED,1017.6,26,Cash on Delivery,Bangalore
ORD0204,C010,2024-01-24,20:22:00,DELIVERED,672.34,11,UPI,Hyderabad
ORD0047,C017,2024-10-03,18:33:00,DELIVERED,363.41,18,Debit Card,Chennai
ORD0262,C085,2024-03-19,20:50:00,DELIVERED,566.43,38,Wallet,Hyderabad
ORD0257,C042,2024-11-04,13:30:00,DELIVERED,1159.26,28,Debit Card,Mumbai
ORD0238,C082,2024-01-05,12:05:00,DELIVERED,549.0,29,Wallet,Mumbai
ORD0452,C022,2024-02-08,22:20:00,Delivered,1165.67,11,Wallet,Hyderabad
ORD0450,C013,2024-08-09,14:30:00,DELIVERED,827.74,32,Credit Card,Mumbai
ORD0428,C038,2024-08-21,17:27:00,PENDING,1194.79,,Debit Card,Bangalore
ORD0302,C051,2024-11-16,16:46:00,DELIVERED,319.27,13,UPI,Hyderabad
ORD0396,C030,2024-03-09,16:47:00,DELIVERED,999.7,25,Cash on Delivery,Bangalore
ORD0115,C083,2024-09-03,18:35:00,PENDING,868.11,,Wallet,Hyderabad
ORD0201,C015,2024-12-14,13:45:00,DELIVERED,154.58,40,Cash on Delivery,Hyderabad
ORD0188,C005,2024-07-22,22:11:00,PENDING,1156.45,,Debit Card,Bangalore
ORD0077,C079,2024-12-11,07:38:00,PENDING,1003.88,,Debit Card,Mumbai
ORD0444,C048,2024-06-24,12:07:00,DELIVERED,1156.66,25,Cash on Delivery,Hyderabad
ORD0335,C027,2024-09-28,14:26:00,DELIVERED,118.88,17,Debit Card,Mumbai
ORD0242,C076,2024-03-14,19:59:00,DELIVERED,236.82,23,Wallet,Mumbai
ORD0277,C046,2024-08-22,12:52:00,DELIVERED,970.71,45,UPI,Chennai
ORD0279,C066,2024-07-17,20:38:00,DELIVERED,491.27,19,Cash on Delivery,Bangalore
ORD0134,C042,2024-02-22,09:20:00,DELIVERED,402.47,35,Credit Card,Mumbai
ORD0441,C060,2024-01-26,10:52:00,DELIVERED,95.36,26,Debit Card,Chennai
ORD0019,C001,2024-12-02,21:26:00,DELIVERED,646.21,39,Cash on Delivery,Bangalore
,C095,2024-09-26,08:42:00,DELIVERED,931.25,16,Wallet,Mumbai
ORD0303,C001,2024-04-19,22:04:00,DELIVERED,310.12,36,UPI,Bangalore
,C051,2024-06-18,14:03:00,DELIVERED,1108.96,31,UPI,Hyderabad
ORD0208,C094,2024-04-24,07:48:00,DELIVERED,393.12,42,Cash on Delivery,Bangalore
ORD0297,C028,2024-09-10,15:20:00,SHIPPED,438.42,,Wallet,Hyderabad
ORD0496,C061,2024-03-21,14:08:00,DELIVERED,966.29,42,Debit Card,Chennai
ORD0417,C088,2024-06-20,09:14:00,DELIVERED,905.84,27,Cash on Delivery,Mumbai
ORD0016,C012,2024-08-28,18:26:00,DELIVERED,820.65,18,Debit Card,Mumbai
ORD0324,C081,2024-02-09,22:29:00,DELIVERED,113.75,44,Credit Card,Bangalore
ORD0260,C088,2024-10-08,07:46:00,DELIVERED,864.62,36,Debit Card,Mumbai
ORD0010,C019,2024-02-06,08:10:00,SHIPPED,734.3,,Wallet,Hyderabad
ORD0039,C087,2024-10-06,12:04:00,DELIVERED,447.4,45,Debit Card,Mumbai
ORD0373,C021,2024-08-19,09:51:00,SHIPPED,389.14,,Debit Card,Pune
ORD0040,C082,2024-08-05,15:29:00,SHIPPED,279.1,,Cash on Delivery,Mumbai
ORD0321,C002,2024-12-28,11:44:00,DELIVERED,620.87,30,Wallet,Pune
ORD0450,C013,2024-08-09,14:30:00,DELIVERED,827.74,32,Credit Card,Mumbai
ORD0135,C089,2024-08-15,18:28:00,DELIVERED,1050.54,30,Wallet,Mumbai
ORD0101,C068,2024-09-24,12:23:00,DELIVERED,375.33,34,Debit Card,Pune
ORD0276,C068,2024-11-23,17:38:00,DELIVERED,501.43,15,Debit Card,Pune
ORD0072,C096,2024-07-09,11:35:00,DELIVERED,1150.12,43,Debit Card,Chennai
ORD0424,C079,2024-08-10,20:25:00,DELIVERED,599.01,8,UPI,Mumbai
ORD0144,C092,2024-12-29,12:50:00,DELIVERED,307.88,20,Credit Card,Chennai
ORD0454,C074,2024-08-17,09:54:00,DELIVERED,413.47,39,UPI,Bangalore
ORD0042,C085,2024-07-21,15:00:00,DELIVERED,838.67,11,Wallet,Hyderabad
ORD0311,C027,2024-09-22,13:47:00,DELIVERED,793.1,23,Cash on Delivery,Mumbai
ORD0331,C042,2024-02-14,21:00:00,DELIVERED,385.33,27,Wallet,Mumbai
ORD0090,C012,2024-08-11,10:15:00,DELIVERED,510.52,13,Cash on Delivery,Mumbai
ORD0056,C005,2024-12-19,18:13:00,DELIVERED ,1143.14,31,UPI,Bangalore
ORD0283,C022,2024-02-12,07:50:00,SHIPPED,385.9,,Debit Card,Hyderabad
ORD0495,C078,2024-02-14,16:48:00,PENDING,488.63,,UPI,Mumbai
ORD0475,C007,2024-01-07,15:12:00,DELIVERED,948.06,36,Credit Card,Pune
ORD0397,C078,2024-11-26,09:12:00,DELIVERED,1100.45,34,Cash on Delivery,Mumbai
ORD0184,C007,2024-02-21,20:21:00,DELIVERED,165.63,16,UPI,Pune
ORD0229,C059,2024-03-27,18:10:00,DELIVERED,678.53,19,Wallet,Bangalore
ORD0237,C088,2024-02-11,08:05:00,DELIVERED,483.75,38,UPI,Mumbai
ORD0246,C030,2024-07-01,19:27:00,DELIVERED,723.76,32,UPI,Bangalore
ORD0493,C050,2024-12-10,10:34:00,DELIVERED,878.33,12,Wallet,Pune
ORD0376,C056,2024-03-21,08:06:00,DELIVERED,1170.56,34,Wallet,Bangalore
ORD0348,C043,2024-03-03,08:29:00,DELIVERED,1112.75,35,Cash on Delivery,Bangalore
ORD0069,C090,2024-02-28,13:27:00,DELIVERED,312.77,29,Cash on Delivery,Mumbai
ORD0185,C071,2024-03-21,20:41:00,PENDING,1060.16,,Cash on Delivery,Pune
ORD0431,C076,2024-09-15,12:07:00,DELIVERED,798.12,10,Cash on Delivery,Mumbai
ORD0142,C026,2024-03-03,11:54:00,DELIVERED,248.55,36,UPI,Bangalore
ORD0224,C049,2024-08-26,18:19:00,DELIVERED,639.74,39,Cash on Delivery,Chennai
ORD0329,C010,2024-10-19,18:07:00,DELIVERED,1087.23,19,Credit Card,Hyderabad
ORD0379,C085,2024-11-16,22:12:00,DELIVERED,288.0,26,UPI,Hyderabad
ORD0365,C082,2024-09-06,17:11:00,DELIVERED,696.27,30,Credit Card,Mumbai
ORD0114,C068,2024-08-02,12:52:00,DELIVERED,745.36,24,UPI,Pune
ORD0403,C061,2024-10-27,18:22:00,DELIVERED,1078.67,13,Debit Card,Chennai
ORD0127,C099,2024-10-24,17:08:00,DELIVERED,677.92,19,Cash on Delivery,Chennai
ORD0161,C098,2024-03-22,22:32:00,DELIVERED,1060.94,39,UPI,Pune
ORD0003,C020,2024-10-15,16:05:00,CANCELLED,186.22,,Cash on Delivery,Bangalore
ORD0087,C086,2024-06-30,09:25:00,PENDING,98.65,,UPI,Chennai
ORD0220,C048,2024-02-17,13:03:00,DELIVERED,824.72,10,UPI,Hyderabad
ORD0162,C012,2024-07-20,21:15:00,DELIVERED,455.83,11,Debit Card,Mumbai
ORD0414,C050,2024-01-19,13:21:00,DELIVERED,305.72,42,Cash on Delivery,Pune
ORD0187,C030,2024-09-30,08:58:00,PENDING,530.57,,Credit Card,Bangalore
ORD0291,C035,2024-09-20,10:08:00,CANCELLED,953.54,,UPI,Bangalore
ORD0290,C036,2024-11-01,12:20:00,CANCELLED,386.53,,Wallet,Pune
ORD0079,C001,2024-04-02,11:36:00,DELIVERED,130.02,9,UPI,Bangalore
ORD0300,C001,2024-08-07,13:44:00,PENDING,1064.47,,Debit Card,Bangalore
ORD0356,C032,2024-12-02,14:17:00,DELIVERED,959.92,11,Credit Card,Pune
ORD0157,C027,2024-06-23,11:20:00,PENDING,417.21,,Debit Card,Mumbai
ORD0338,C073,2024-02-01,20:42:00,CANCELLED,322.29,,Debit Card,Mumbai
ORD0316,C055,2024-12-25,19:05:00,DELIVERED,668.3,17,Debit Card,Pune
ORD0169,C042,2024-11-09,17:10:00,DELIVERED,758.98,27,Wallet,Mumbai
ORD0231,C098,2024-01-04,20:08:00,SHIPPED,316.15,,Credit Card,Pune
ORD0249,C040,2024-08-15,18:48:00,DELIVERED,202.38,19,Cash on Delivery,Bangalore
ORD0163,C064,2024-11-01,22:18:00,DELIVERED,1024.25,35,Credit Card,Hyderabad
ORD0100,C014,2024-06-24,09:32:00,DELIVERED,95.01,36,Cash on Delivery,Pune
ORD0461,C028,2024-08-22,13:45:00,DELIVERED,920.72,10,Wallet,Hyderabad
ORD0036,C046,2024-07-10,20:09:00,DELIVERED,523.86,19,Credit Card,Chennai
ORD0318,C069,2024-06-16,19:37:00,DELIVERED,1009.71,12,Debit Card,Hyderabad
ORD0146,C079,2024-02-14,09:19:00,DELIVERED,874.47,38,Wallet,Mumbai
ORD0052,C079,2024-04-23,09:40:00,SHIPPED,1095.8,,Debit Card,Mumbai
ORD0121,C028,2024-03-17,20:07:00,SHIPPED,323.29,,UPI,Hyderabad
ORD0336,C012,2024-01-23,14:57:00,SHIPPED,525.02,,Debit Card,Mumbai
ORD0038,C030,2024-08-24,15:29:00,DELIVERED,60.81,37,Debit Card,Bangalore
ORD0066,C088,2024-02-25,22:45:00,PENDING,134.51,,UPI,Mumbai
ORD0183,C095,2024-10-27,14:15:00,DELIVERED,1090.96,22,Credit Card,Mumbai
ORD0170,C044,2024-09-16,22:45:00,DELIVERED,596.13,9,Debit Card,Chennai
ORD0488,C011,2024-02-19,12:49:00,DELIVERED,58.43,12,Credit Card,Pune
ORD0250,C058,2024-10-12,20:06:00,DELIVERED,457.0,13,Wallet,Hyderabad
ORD0298,C017,2024-10-16,22:50:00,DELIVERED,834.93,11,UPI,Chennai
ORD0372,C064,2024-07-12,18:34:00,DELIVERED,1003.13,44,Credit Card,Hyderabad
ORD0102,C087,2024-11-02,08:50:00,DELIVERED,434.85,29,UPI,Mumbai
ORD0051,C049,2024-11-22,18:06:00,DELIVERED,592.2,43,Debit Card,Chennai
ORD0129,C038,2024-04-13,08:50:00,DELIVERED,98.19,27,Wallet,Bangalore
ORD0035,C057,2024-03-26,16:57:00,DELIVERED,423.03,11,Debit Card,Mumbai
ORD0344,C023,2024-01-16,19:54:00,DELIVERED,910.29,23,UPI,Hyderabad
ORD0149,C024,2024-03-07,20:32:00,PENDING,113.72,,UPI,Chennai
